new_id,url
My Universe%:%Coldplay x BTS,https://open.spotify.com/track/3FeVmId7tL5YN8B7R3imoM?si=995363885bcb41f7
Knife Talk%:%Drake Featuring 21 Savage,https://open.spotify.com/track/38OxzrXfvFjyKWtgAkWdOK?si=d245cdf36d254321
Memory%:%Kane Brown X blackbear,https://open.spotify.com/track/34chhNX59Wo9HMFCsI3K8Y?si=3a3cbb93ab574b52
Peepin Out The Window%:%Young Thug With Future,https://open.spotify.com/track/03kozlqpm5twrblZia0m9j?si=122956dff4ac4bff
Peaches%:%Justin Bieber Featuring Daniel Caesar,https://open.spotify.com/track/4iJyoBOLtHqaGxP12qzhQI?si=61cf4eb14b65471c
Last One Standing%:%Skylar Grey,https://open.spotify.com/track/5W8HXMOMLtXLz0RGKUtnlZ?si=d307028bdede4231
Scoop%:%Lil Nas X Featuring Doja Cat,https://open.spotify.com/track/6bpq1jGkVz66Q3LYeoXdjZ?si=5bbc23e328f9477c
7am On Bridle Path%:%Drake,https://open.spotify.com/track/42m3eP1JJhtzffal9B136J?si=ce8299537e7c4765
Country Again%:%Thomas Rhett,https://open.spotify.com/track/3CiF9D8iuVhZWDvvjf8HpG?si=f8ea0fd5443945cd
AM%:%Nio Garcia X J Balvin X Bad Bunny,https://open.spotify.com/track/2dNhNlpZAtV4lwAFW45LIv?si=dbb20f58c71d4c81
Voice Of The Heroes%:%Lil Baby,https://open.spotify.com/track/7eO7rOwH5qVD3UWpO97qTI?si=981e67398c0f4efb
amari%:%J. Cole,https://open.spotify.com/track/2cnKST6T9qUo2i907lm8zX?si=476e65e69b464eef
let.go.my.hand%:%J. Cole,https://open.spotify.com/track/0GAyuCo975IHGxxiLKDufB?si=94921c054f874197
You're Mines Still%:%Yung Bleu Featuring Drake,https://open.spotify.com/track/7E2C5rBLpCKwQlhJPVFBRS?si=8f87039effee4ed3
Long Live%:%Florida Georgia Line,https://open.spotify.com/track/0YfRAYTNTNszGg8VARrSIH?si=e24318e9445a4f48
Whoopty%:%CJ,https://open.spotify.com/track/5vGLcdRuSbUhD8ScwsGSdA?si=627e084017e14d99
Dynamite%:%BTS,https://open.spotify.com/track/5QDLhrAOJJdNAmCTJ8xMyW?si=c415ccc4d00648ab
Unstable%:%Justin Bieber Featuring The Kid LAROI,https://open.spotify.com/track/137mSruegm1u6x9NvwiagR?si=48d77352fe654ae4
Golden%:%Harry Styles,https://open.spotify.com/track/45S5WTQEGOB1VHr1Q4FuPl?si=f2834fe90b374e89
Laugh Now Cry Later%:%Drake Featuring Lil Durk,https://open.spotify.com/track/2SAqBLGA283SUiwJ3xOUVI?si=303f885bf51b4ea4
WAP%:%Cardi B Featuring Megan Thee Stallion,https://open.spotify.com/track/4Oun2ylbjFKMPTiaSbbCih?si=6c6d8dbda26549d2
Pretty Heart%:%Parker McCollum,https://open.spotify.com/track/7nINhyXn6uwUkYLY5KQH0K?si=bff3193df1214ea7
Reminds Me Of You%:%The Kid LAROI,https://open.spotify.com/track/5YSHygGN9D0mID1NsVd5my?si=b9ef8fa3daee4199
All I Want For Christmas Is You%:%Mariah Carey,https://open.spotify.com/track/0bYg9bo50gSsH3LtXe2SQn?si=59f98ce5febd4bb9
Last Christmas%:%Wham!,https://open.spotify.com/track/2FRnf9qhLbvw8fu4IBXx78?si=944fc1c0a79f46b4
It's Beginning To Look A Lot Like Christmas%:%Perry Como And The Fontane Sisters With Mitchell Ayres And His Orchestra,https://open.spotify.com/track/2pXpURmn6zC5ZYDMms6fwa?si=120599a972d844dc
Here Comes Santa Claus (Right Down Santa Claus Lane)%:%Gene Autry,https://open.spotify.com/track/25leEEaz1gIpp7o21Fqyjo?si=874ff23cfe5941f8
She Knows This%:%Kid Cudi,https://open.spotify.com/track/1xzUQMiCoY5pdego0pHMeV?si=771be07faef24d7c
Cowboy Like Me%:%Taylor Swift,https://open.spotify.com/track/1XjHRolIXL2M1EEOUsGGR4?si=80c59413c4e24c83
Iris%:%Phoebe,NA
Motive%:%Ariana Grande Featuring Doja Cat,https://open.spotify.com/track/5GkQIP5mWPi4KZLLXeuFTT?si=d39cf41f0eb54e1f
Safety Net%:%Ariana Grande Featuring Ty Dolla $ign,https://open.spotify.com/track/14gkWVFMwdxBMyqBw1wmIg?si=92b4a35357d940b6
Over Now%:%Calvin Harris X The Weeknd,https://open.spotify.com/track/58AGoOGbwsQMhBbH0eFLRR?si=2f8493b65c324d0b
B*tch From da Souf%:%Mulatto,https://open.spotify.com/track/6tLWt7gkvvTSjS6OfJjiyJ?si=e0f17555d8fa403c
The Climb Back%:%J. Cole,https://open.spotify.com/track/5lLNBIyjp72btcnrjBG751?si=02f359049dd141b4
My Affection%:%Summer Walker,https://open.spotify.com/track/2aSM4sbNN7cSmpYOG0sf46?si=efb292c10e6d45a4
RITMO (Bad Boys For Life)%:%Black Eyed Peas X J Balvin,https://open.spotify.com/track/6cy3ki60hLwimwIje7tALf?si=bf12d7742b3e4d3d
The Other Girl%:%Kelsea Ballerini x Halsey,https://open.spotify.com/track/3CS5zwqrjggxlRD0QGJAva?si=49d613997d994e42
Bad Guy%:%Billie Eilish,https://open.spotify.com/track/2Fxmhks0bxGSBdJ92vM42m?si=c81faa2ccc7e4c08
We Should%:%Lil Baby,https://open.spotify.com/track/5ixKkLQSriCQakDWbdW8qD?si=a92c8760740e4350
Forever%:%Justin Bieber Featuring Post Malone,https://open.spotify.com/track/2ZlCGeK30BLRNSPC832pNZ?si=b3533ac8b3374a97
Dive Bar%:%Garth Brooks,NA
Thug Love%:%A Boogie Wit da Hoodie,https://open.spotify.com/track/4MzhmCOgPB7xb87f1CXjlA?si=8da0016d51fd4553
Old Town Road%:%Lil Nas X Featuring Billy Ray Cyrus,https://open.spotify.com/track/0F7FA14euOIX8KcbEturGH?si=b051af80cc734531
Happy Xmas (War Is Over)%:%John Legend,https://open.spotify.com/track/1x0NszvaftnHtijIId3ivk?si=d947015d199d4efc
Lucid Dreams%:%Juice WRLD,https://open.spotify.com/track/285pBltuF7vW8TeWk8hdRR?si=35db0afebd8c4280
7 Rings%:%Ariana Grande,https://open.spotify.com/track/6ocbgoVGwYJhOv1GgI9NsF?si=4f21e86b0a854252
ME!%:%Taylor Swift Featuring Brendon Urie,https://open.spotify.com/track/2Rk4JlNc2TPmZe2af99d45?si=a12b165f8f404200
EARFQUAKE%:%Tyler,https://open.spotify.com/track/5hVghJ4KaYES3BFUATCYn0?si=c6e2480c467b4c1f
Just Us%:%DJ Khaled Featuring SZA,https://open.spotify.com/track/0BnTBAGmr9FtYwkZrwKhwS?si=d6ada1880cfa4a6e
How About Now%:%Drake,https://open.spotify.com/track/4n4BflhWjCHIxrI4v7Xt9s?si=538a9edf1b164d9c
Middle Child%:%J. Cole,https://open.spotify.com/track/2JvzF1RMd7lE3KmFlsyZD8?si=d76bcbf3ffc84adb
Thotiana%:%Blueface,https://open.spotify.com/track/5GBuCHuPKx6UC7VsSPK0t3?si=3c0e736b0da24d72
KIKA%:%6ix9ine Featuring Tory Lanez,https://open.spotify.com/track/0IFMbLUK5ttPmXyK16qUQu?si=09167c78f95e46db
Happy Xmas (War Is Over)%:%John,https://open.spotify.com/track/27RYrbL6S02LNVhDWVl38b?si=11034481f27e4640
Taste%:%Tyga Featuring Offset,https://open.spotify.com/track/5IaHrVsrferBYDm0bDyABy?si=8d42b64225bd470d
Sad!%:%XXXTENTACION,https://open.spotify.com/track/3ee8Jmje8o58CHK66QrVC2?si=86619c3924ff441b
Overdue%:%Metro Boomin Featuring Travis Scott,https://open.spotify.com/track/6LyAwkJsHlW7RQ8S1cYAtM?si=72e0ca53359b47dd
New Patek%:%Lil Uzi Vert,https://open.spotify.com/track/0Fpen1PTuEnCmOJtUU9Iud?si=2ecfd3e473514cf5
Perfect%:%Ed Sheeran,https://open.spotify.com/track/0tgVpDi06FyKpA1z0VMD4v?si=9890edd5a62d426c
Wasted%:%Juice WRLD Featuring Lil Uzi Vert,https://open.spotify.com/track/1a7WZZZH7LzyvorhpOJFTe?si=b408c5f95ba146c7
Havana%:%Camila Cabello Featuring Young Thug,https://open.spotify.com/track/1rfofaqEpACxVEHIZBJe6W?si=fd520b09fca64a71
Welcome To The Party%:%Diplo,https://open.spotify.com/track/5mqzhMuUpvnMfwNz6iepmO?si=3c244911f840406f
Dame Tu Cosita%:%Pitbull x El Chombo x Karol G Featuring Cutty Ranks,https://open.spotify.com/track/5tq6gO0LuNjmo9SRT1UcMv?si=c0a700095fb24dfc
Same Bitches%:%Post Malone Featuring G-Eazy,https://open.spotify.com/track/688QpQAwqsLdBR6lr13wK1?si=3c13f1c9f1be4e20
Wake Me Up!%:%Avicii,https://open.spotify.com/track/0nrRP2bk19rLc0orkWPQk2?si=cf56931b876342aa
Get Up 10%:%Cardi B,https://open.spotify.com/track/7p2ewixAShLpjDZrnzZK7c?si=78d7893f700d4f8e
Lemon%:%N*E*R*D,https://open.spotify.com/track/4PpuH4mxL0rD35mOWaLoKS?si=8b4a8e5ccc784b43
OKRA%:%Tyler,https://open.spotify.com/track/74ZovzRxHBvCq5yIwe8boh?si=a4bfc5a429fa4b4e
Good Old Days%:%Macklemore Featuring Kesha,https://open.spotify.com/track/2Za1AlJNvksouPPWbXpR2X?si=479526c3799d4251
Gucci Gang%:%Lil Pump,https://open.spotify.com/track/43ZyHQITOjhciSUUNPVRHc?si=d67ed1ea2eef412d
End Game%:%Taylor Swift Featuring Ed Sheeran,https://open.spotify.com/track/2x0WlnmfG39ZuDmstl9xfX?si=483af6568d9c42a6
1-800-273-8255%:%Logic Featuring Alessia Cara,https://open.spotify.com/track/5tz69p7tJuGPeMGwNTxYuV?si=9254f22ca08941c1
Criminal%:%Natti Natasha x Ozuna,https://open.spotify.com/track/6Za3190Sbw39BBC77WSS1C?si=504c53317462486c
Believer%:%Imagine Dragons,https://open.spotify.com/track/0pqnGHJpmpxLKifKRmU6WP?si=78d95a5eaf034e3e
The Way Life Goes%:%Lil Uzi Vert Featuring Nicki Minaj,https://open.spotify.com/track/2eAZfqOm4EnOF9VvN50Tyc?si=c350f77fa8194677
Ice Tray%:%Quavo,https://open.spotify.com/track/3wdfLVUhmX64lIyWIIEW8s?si=cfe385f80e8e4f74
Look What You Made Me Do%:%Taylor Swift,https://open.spotify.com/track/1P17dC1amhFzptugyAO7Il?si=f20888aca41b4228
Dusk Till Dawn%:%Zayn Featuring Sia,https://open.spotify.com/track/3e7sxremeOE3wTySiOhGiP?si=f3662bb22188403a
The Race%:%Tay-K,https://open.spotify.com/track/3wGXyJGsCf1myH5MooQIqE?si=58f51f2dc540495f
Congratulations%:%Post Malone Featuring Quavo,https://open.spotify.com/track/3a1lNhkSLSkpJE4MSHpDu9?si=12d59688d6d648a5
Glorious%:%Macklemore Featuring Skylar Grey,https://open.spotify.com/track/0CokSRCu5hZgPxcZBaEzVE?si=be63736836f24e46
Almost Like Praying%:%Lin-Manuel Miranda Featuring Artists For Puerto Rico,https://open.spotify.com/track/3dskm5fAe8OkBtM9E0VVWx?si=3e0385a2052244d5
Redbone%:%Childish Gambino,https://open.spotify.com/track/0wXuerDYiBnERgIpbb3JBR?si=d7e5a2f3f06c4595
Mask Off%:%Future,https://open.spotify.com/track/0VgkVdmE4gld66l8iyGjgx?si=665d2c1b1e2f46ff
Dark Queen%:%Lil Uzi Vert,https://open.spotify.com/track/2ZdCrBA52bb4pIG3tOOZiQ?si=bb5b93708bbc4165
Perplexing Pegasus%:%Rae Sremmurd,https://open.spotify.com/track/1ung2kajpw24AaHjBtPY3j?si=787cb3d5ac5c4b5c
First Day Out%:%Tee Grizzley,https://open.spotify.com/track/3muBQDekYAg7jm6hDu6R0Z?si=48cadc51da574947
In The End%:%Linkin Park,https://open.spotify.com/track/60a0Rd6pjrkxjPbaKzXjfq?si=4ef0132666db4bd7
Jerika%:%Jake Paul,https://open.spotify.com/track/2eniWYYid1tEDZZEai3xZr?si=1fce3792794d462c
Rollin%:%Calvin Harris Featuring Future,https://open.spotify.com/track/3FDrI0FLKzrYQiWxPhqV2W?si=0c1d85792a1c4ba5
To The Max%:%DJ Khaled Featuring Drake,https://open.spotify.com/track/2of5xn0GU0TdFneR1saRLH?si=073202cd261d4bbf
Strangers%:%Halsey Featuring Lauren Jauregui,https://open.spotify.com/track/11EDhDAVDtGPoSar6ootYA?si=af7a134bf9eb4fbf
Deja Vu%:%Lauren Duski,https://open.spotify.com/track/6HU7h9RYOaPRFeh0R3UeAr?si=c9ddbcbfcd454c10
The Dance%:%Lauren Duski,https://open.spotify.com/track/1HQtmjBwA4257dxNTvG5Rt?si=180e6ae475c64c46
I Feel It Coming%:%The Weeknd Featuring Daft Punk,https://open.spotify.com/track/3dhjNA0jGA8vHBQ1VdD6vV?si=b563d184add5415e
Ghost In This House%:%Lauren Duski,https://open.spotify.com/track/6cl1vl6OU6RLr1C56wOn21?si=04087cabad2443b3
Down%:%Marian Hill,https://open.spotify.com/track/5eCkuGPZNl4mISFNPgr3Dd?si=81466d3cf66b4a61
Can't Stop The Feeling!%:%Justin Timberlake,https://open.spotify.com/track/1WkMMavIMc4JZ8cfMmxHkI?si=50eb4be4c0064a58
How Far I'll Go%:%Auli'i Cravalho,https://open.spotify.com/track/6mb6lVLNrcUgLnEN8QnDJd?si=a67fb47cbcf24886
Starboy%:%The Weeknd Featuring Daft Punk,https://open.spotify.com/track/7MXVkk9YMctZqd1Srtv4MB?si=9983aaa52a794134
Black Beatles%:%Rae Sremmurd Featuring Gucci Mane,https://open.spotify.com/track/6fujklziTHa8uoM5OQSfIo?si=f57e3bf319a3465d
Chantaje%:%Shakira Featuring Maluma,https://open.spotify.com/track/6mICuAdrwEjh6Y6lroV2Kg?si=a4701bc06add447c
Broccoli%:%D.R.A.M. Featuring Lil Yachty,https://open.spotify.com/track/0qy5D3OJre7SPJNMOL9I71?si=6b2d229446ea476d
Don't Let Me Down%:%The Chainsmokers Featuring Daya,https://open.spotify.com/track/1i1fxkWeaMmKEB4T7zqbzK?si=ce81524f95f244fa
Bad Romance%:%Lady Gaga,https://open.spotify.com/track/0SiywuOBRcynK0uKGWdCnn?si=bf06fed24dee48b3
I Hate U I Love U%:%gnash Featuring Olivia O'Brien,https://open.spotify.com/track/7vRriwrloYVaoAe3a9wJHe?si=a1cc6e8ffb9447ca
Careless Whisper%:%Wham! Featuring George Michael,https://open.spotify.com/track/4jDmJ51x1o9NZB5Nxxc7gY?si=67595950256c44bd
Pick Up The Phone%:%Young Thug And Travis Scott Featuring Quavo,https://open.spotify.com/track/20dP2DaMHIAmwWAbp7peSr?si=17f49eafdb3040b0
Sidewalks%:%The Weeknd Featuring Kendrick Lamar,https://open.spotify.com/track/4h90qkbnW1Qq6pBhoPvwko?si=d7c26fc1755d40b2
This Is What You Came For%:%Calvin Harris Featuring Rihanna,https://open.spotify.com/track/0azC730Exh71aQlOt9Zj3y?si=292d3147162445e8
One Dance%:%Drake Featuring WizKid,https://open.spotify.com/track/1zi7xx7UVEFkmKfv06H8x0?si=6c621535c5754732
PPAP (Pen-Pineapple-Apple-Pen)%:%PIKOTARO,https://open.spotify.com/track/1Xq1fe5v8YF1wI7oXuCAAH?si=b245ecce722b439e
No Limit%:%Usher Featuring Young Thug,https://open.spotify.com/track/1CDBn2Lm7E63XKQDsdCq6O?si=6c25ba1842154f95
"Wat U Mean (Aye, Aye, Aye)%:%Dae Dae",https://open.spotify.com/track/46IdjlVO3EmaMqooXZ1Hcu?si=526c89d0ee78457c
Work From Home%:%Fifth Harmony Featuring Ty Dolla $ign,https://open.spotify.com/track/4tCtwWceOPWzenK2HAIJSb?si=be0684416a194df3
You Don't Own Me%:%Grace Featuring G-Eazy,https://open.spotify.com/track/6KI1ZpZWYAJLvmVhCJz65G?si=e4bc6345af234c4f
Purple Lamborghini%:%Skrillex,https://open.spotify.com/track/6JyuJFedEvPmdWQW0PkbGJ?si=ed41a407756145aa
Love Yourself%:%Justin Bieber,https://open.spotify.com/track/50kpGaPAhYJ3sGmk6vplg0?si=485b4f151f1844bf
Love Make The World Go Round%:%Jennifer Lopez,https://open.spotify.com/track/6UIVhrYrxVId5c4hkOcII7?si=a8cdbea02abc4ed5
Messin' Around%:%Pitbull Featuring Enrique Iglesias,https://open.spotify.com/track/2moTY9zKAZkRsODU4TUXY6?si=7deb0a95b4564561
Try Everything%:%Shakira,https://open.spotify.com/track/1N3dZ7TTWO6VcD4Y3hHYLZ?si=c578b46c26344100
Middle%:%DJ Snake Featuring Bipolar Sunshine,https://open.spotify.com/track/0g5EKLgdKvNlln7TNqBByK?si=15a7abb22b024ebe
My Boo%:%Ghost Town DJ's,https://open.spotify.com/track/2SIN7qUVEY1vCuuxp76VQ9?si=8b0fde55861c4d6d
Go Ahead And Break My Heart%:%Blake Shelton Featuring Gwen Stefani,https://open.spotify.com/track/6eJBihAzTWRxvvjJWuRQXM?si=82749585df264f5d
Hotline Bling%:%Drake,https://open.spotify.com/track/0wwPcA6wtMf6HUMpIRdeP7?si=1bd1d38f17df467a
See You Again%:%Wiz Khalifa Featuring Charlie Puth,https://open.spotify.com/track/2JzZzZUQj3Qff7wapcbKjc?si=d654a06f3d994fdf
Uptown Funk!%:%Mark Ronson Featuring Bruno Mars,https://open.spotify.com/track/32OlwWuMpZ6b0aN2RZOeMS?si=8af774c04b444fb3
Downtown%:%Macklemore & Ryan Lewis Featuring Eric Nally,https://open.spotify.com/track/5pfJsMwoRYKampPay8amX0?si=f4e877cc6d564bd5
Hit The Quan%:%iLoveMemphis,https://open.spotify.com/track/4OjuzM3rTWp3q60mEldNSF?si=f1676c91b94240de
Hallelujah%:%Lindsey Stirling,https://open.spotify.com/track/1ekYzXIWgelL4Ai3pXMOfe?si=b9bb77618b9047ec
Climb Every Mountain%:%Jordan Smith,https://open.spotify.com/track/6GtMaEfcLyzwfglzSlqzyX?si=dfca72de09d34461
Hallelujah%:%Jordan Smith,https://open.spotify.com/track/3LLYIitFpZSmXY95rQxw0E?si=312b8035b4de421b
Writing's On The Wall%:%Sam Smith,https://open.spotify.com/track/1PWnAEQcbwQwK759otUbta?si=74b2a151d9b5433a
Prisoner%:%The Weeknd Featuring Lana Del Rey,https://open.spotify.com/track/1gZADNt16Oh23jWyMYRk4p?si=84b2150e88b3431c
Dark Times%:%The Weeknd Featuring Ed Sheeran,https://open.spotify.com/track/6J7PIkhtHwmFjPLq0SyuPj?si=c2a43a53d799402e
Burn Slow%:%Wiz Khalifa Featuring Rae Sremmurd,https://open.spotify.com/track/1otonPYqofxM6B8ejJHXjg?si=2850efb946564ffa
Hey Mama%:%David Guetta Featuring Nicki Minaj,https://open.spotify.com/track/5b2bu6yyATC1zMXDGScJ2d?si=be7a78488b414113
B**** Better Have My Money%:%Rihanna,https://open.spotify.com/track/0NTMtAO2BV4tnGvw9EgBVq?si=449e975a88ea42cf
This Summer's Gonna Hurt...%:%Maroon 5,https://open.spotify.com/track/3UgBaHTsdpQs6x6jXY419o
G.D.F.R.%:%Flo Rida Featuring Sage The Gemini,https://open.spotify.com/track/26rdOwwjC2UnweK3xeS58u?si=d3cef11c6eca49bc
Flashlight%:%Jessie J,https://open.spotify.com/track/6SkoBaMd0lzoQjID5aV2d9?si=74a9768bf97e4ce0
Wild Child%:%Kenny Chesney With Grace Potter,https://open.spotify.com/track/050iNgNKEUrJboOnH4Jhm6?si=d6f860dfca1d49f9
Everyday%:%A$AP Rocky Featuring Rod Stewart x Miguel x Mark Ronson,https://open.spotify.com/track/2N3U8uTYhjX2KwGT0pf5x0?si=47f6c2a1153c419c
Old Man%:%Sawyer Fredericks,https://open.spotify.com/track/2Yh8cnpddujSLPOVJKlSDt?si=aee7a61f5b4441c5
I Don't Mind%:%Usher Featuring Juicy J,https://open.spotify.com/track/7aXuop4Qambx5Oi3ynsKQr?si=96dad48606ac47b8
Make It Rain%:%Koryn Hawthorne,https://open.spotify.com/track/1DH1DGQzth0K6YouejlNLY?si=164d0fea179e40be
Lonely Tonight%:%Blake Shelton Featuring Ashley Monroe,https://open.spotify.com/track/3KNtQ1twm53HpEzebdfvgm?si=aad349d3d70d441f
Monster%:%Meek Mill,https://open.spotify.com/track/37EDnGj3yFe5Hs4Zk3s3YF?si=b921e88d8c33472b
Stuck On A Feeling%:%Prince Royce Featuring Snoop Dogg,https://open.spotify.com/track/1IDF4jYiuI17U4BW23EoXV?si=30470fd9dee542e8
Where You Belong%:%The Weeknd,https://open.spotify.com/track/5AYD5mHQHXkUuZRDFNyEyi?si=3fff7e448cd84b3b
I Put A Spell On You%:%Annie Lennox,https://open.spotify.com/track/3sesq9P6ndjuqaq5om7sxT?si=22250a74b7284732
Dangerous%:%David Guetta Featuring Sam Martin,https://open.spotify.com/track/2w2lfwoTELQyN940qM7Nfd?si=24b8afc7f53c49ff
Can't Stop Dancin'%:%Becky G,https://open.spotify.com/track/5NetSTs4dgiR6GLrZOQcwJ?si=58841c31e59e4e7c
Shell Shocked%:%Juicy J,https://open.spotify.com/track/7zBQRGpYImAdIZc97FNj3V?si=429967c830ec4f25
Fireball%:%Pitbull Featuring John Ryan,https://open.spotify.com/track/4Y7XAxTANhu3lmnLAzhWJW?si=50600c68099b40fe
Fancy%:%Iggy Azalea Featuring Charli XCX,https://open.spotify.com/track/16uGgkuyTqneR0gbNWohNz?si=d7592f6ac0b84c21
All Of Me%:%John Legend,https://open.spotify.com/track/3U4isOIWM3VvDubwSI3y7a?si=32dc37d8d8754743
Happy%:%Pharrell Williams,https://open.spotify.com/track/60nZcImufyMA1MKQY3dcCH?si=d43d54136a8144c1
Baby It's Cold Outside%:%Idina Menzel Duet With Michael Buble,https://open.spotify.com/track/0Ie5uiv54KgCr7P4sYDTHl?si=5da6c00361614d1d
Problem%:%Ariana Grande Featuring Iggy Azalea,https://open.spotify.com/track/7vS3Y0IKjde7Xg85LWIEdP?si=b0fdc6b90cb44d04
Dark Horse%:%Katy Perry Featuring Juicy J,https://open.spotify.com/track/5jrdCoLpJSvHHorevXBATy?si=32117e4d549049e0
Or Nah%:%Ty Dolla $ign Featuring Wiz Khalifa,https://open.spotify.com/track/7t2bFihaDvhIrd2gn2CWJO?si=f99073bf668d44fa
Who Do You Love?%:%YG Featuring Drake,https://open.spotify.com/track/7ngdkrVQPgP3AoIxUrTpHT?si=78f001c88c004bc9
Best Day Of My Life%:%American Authors,https://open.spotify.com/track/5Hroj5K7vLpIG4FNCRIjbP?si=3995e987b19741b2
Let It Go%:%Idina Menzel,https://open.spotify.com/track/0qcr5FMsEO85NAQjrlDRKo?si=b54cf9a8582845dc
We Are One (Ole Ola) [The 2014 FIFA World Cup Official Song]%:%Pitbull Featuring Jennifer Lopez,https://open.spotify.com/track/1PCvKFPWnTXAe2oaReVUcr?si=74a8a8910e834594
Let Her Go%:%Passenger,https://open.spotify.com/track/1KxwZYyzWNyZSRyErj2ojT?si=80b8831b5b854fa1
I Can't Make You Love Me%:%Josh Kaufman,https://open.spotify.com/track/0QDfwssgneF3kVgBo13lRr?si=769421abc4234f86
Royals%:%Lorde,https://open.spotify.com/track/2dLLR6qlu5UJ5gk0dKz0h3?si=f31efa4c62314582
"Hold On, We're Going Home%:%Christina Grimmie",https://open.spotify.com/track/30S7ayrPfoQ2zBHlJmavTn?si=06b360279d4e4d4f
For The First Time In Forever%:%Kristen Bell,https://open.spotify.com/track/70b5Sq3ePOu3Gqg0hjlOtR?si=41913c3c77964eda
Do You Want To Build A Snowman?%:%Kristen Bell,https://open.spotify.com/track/2yi7HZrBOC4bMUSTcs4VK6?si=b399a3389b314b89
Odio%:%Romeo Santos Featuring Drake,https://open.spotify.com/track/1iLv1ieT9BZ3qsti9yTCnG?si=efe8677af6014fa1
Love Is An Open Door%:%Kristen Bell,https://open.spotify.com/track/3IPnBzGRMg6BfViFxxa0Gq?si=2b104abe40c44951
Wrecking Ball%:%Miley Cyrus,https://open.spotify.com/track/2vwlzO0Qp8kfEtzTsCXfyE?si=f72e7f4485714002
Rap God%:%Eminem,https://open.spotify.com/track/6or1bKJiZ06IlK0vFvY75k?si=78f3dd7b8604405a
Everything Is AWESOME!!!%:%Tegan And Sara Featuring The Lonely Island,https://open.spotify.com/track/58vnVBWfKWIjSVvKTZJly2?si=f8e3df4ddc3e46f8
Do What U Want%:%Lady Gaga Featuring R. Kelly,https://open.spotify.com/track/5XKXMWPACPq51OiqzxenZo?si=74414b71ef8c4c7b
m.A.A.d City%:%Kendrick Lamar Featuring MC Eiht,https://open.spotify.com/track/2cDCojn6uIBM6A5xTAbl3H?si=14a177282f354429
El Perdedor%:%Enrique Iglesias Featuring Marco Antonio Solis,https://open.spotify.com/track/4jMu6QYon1JEikcdTJ1TzR?si=e1fea537430441b9
Applause%:%Lady Gaga,https://open.spotify.com/track/5ka2ajep9OAvU5Sgduhiex?si=0e1d2cdb2bde449c
Hallelujah%:%Matthew Schuler,https://open.spotify.com/track/31BJMDDbKD12ei9mxddZzf?si=eb98235328cf4ef5
Rough Water%:%Travie McCoy Featuring Jason Mraz,https://open.spotify.com/track/56z8UyE4foPVnSrER7lVR5?si=57170908526b4f3f
A Case Of You%:%James Wolpert,https://open.spotify.com/track/6YaB4TXX4s2AJreMQ6cuIj?si=16e4fa796f4e44ce
Beautiful Pain%:%Eminem Featuring Sia,https://open.spotify.com/track/7hiBhOh4s8G0xmGYBAjyuw?si=4c8955144c704df3
Get Lucky%:%Daft Punk Featuring Pharrell Williams,https://open.spotify.com/track/2Foc5Q5nqNiosCNqttzHof?si=c95d1d0b3c1f43cd
Can't Hold Us%:%Macklemore,https://open.spotify.com/track/3bidbhpOYeV4knp8AIu8Xn?si=6309257d642c4f3c
Sweeter Than Fiction%:%Taylor Swift,https://open.spotify.com/track/0RFCHlNuTeUHIB36VuVbOL?si=4fe16784f84b4a37
Chinese Food%:%Alison Gold,https://open.spotify.com/track/0oB42rsnUo33pFM3FGq9E5?si=9245dfeff4fe4f63
Loco%:%Enrique Iglesias Featuring Romeo Santos,https://open.spotify.com/track/6yjsa6c8nSGQqXF12vFSpp?si=039f7009fae4498b
Atlas%:%Coldplay,https://open.spotify.com/track/2DI0fZ4QZmLtapszYaoG6F?si=81783c79b57a4e02
F*ckwithmeyouknowigotit%:%Jay Z Featuring Rick Ross,https://open.spotify.com/track/3PBC860LAeS4utDAqlqIe2?si=2c3e37af0ced40aa
Oh Sweet Lorraine%:%Green Shoe Studio Featuring Jacob Colgan,https://open.spotify.com/track/0byFa7HDKamSnzxMPEF6dj?si=9b6dffee790c4695
Crazy Kids%:%Ke$ha Featuring will.i.am Or Juicy J,https://open.spotify.com/track/1sNctqVr9zdS7i1RZNjIgY?si=d42b3a91022540d0
Boys 'round Here%:%Blake Shelton Featuring Pistol Annies,https://open.spotify.com/track/39FwE8edwuyiaa4PrGBkP7?si=d30c2d47e0dc4cd0
Cruisin' For A Bruisin'%:%Ross Lynch,https://open.spotify.com/track/5e3UWcbvTaF5CJWu81MqlQ?si=56daa2ba47b94eb4
Feel This Moment%:%Pitbull Featuring Christina Aguilera,https://open.spotify.com/track/0Hf4aIJpsN4Os2f0y0VqWl?si=3f0c6610b24e447e
Born To Fly%:%Danielle Bradbery,https://open.spotify.com/track/1rIusB0mmJglKOFmV1iMft?si=e60b8b2149cf475f
Danny's Song%:%The Swon Brothers,https://open.spotify.com/track/2QDx0OJsKHrrjkHbfyP3pv?si=9fc604af23644b46
One%:%Usher,NA
Can't Shake You%:%Gloriana,https://open.spotify.com/track/1lNl7zRexUwxQ20OKONF3A?si=7dc3aa5ca7074a1b
Troublemaker%:%Olly Murs Featuring Flo Rida,https://open.spotify.com/track/6s8nHXTJVqFjXE4yVZPDHR?si=efc9363faddc419e
Karate Chop (Remix)%:%Future Featuring Lil Wayne,https://open.spotify.com/track/2Ih0U9yUuY0oU2In3h21If?si=a41e0ad4cee54cd1
I Am Beautiful%:%Candice Glover,https://open.spotify.com/track/2jKrwn5GUuLUmO7dNUMc5c?si=bb34c20f238e4048
All Around The World%:%Justin Bieber Featuring Ludacris,https://open.spotify.com/track/1Mg8vLBYwizu7AuhYQO64V?si=8e70bfd96cf44f73
Little Talks%:%Of Monsters And Men,https://open.spotify.com/track/2ihCaVdNZmnHZWt0fvAM7B?si=d5127ecb37e74c6d
Diamonds%:%Rihanna,https://open.spotify.com/track/1z9kQ14XBSN0r2v6fx4IdG?si=1331a972a4d34d3b
Don't Judge Me%:%Chris Brown,https://open.spotify.com/track/0NG5gJzPHjYeQmqcmqfopN?si=a7e8f8b86be44138
Don't Stop The Party%:%Pitbull Featuring TJR,https://open.spotify.com/track/3Tu7uWBecS6GsLsL8UONKn?si=a9fb79362ea94663
She Don't Put It Down%:%Joe Budden Featuring Lil Wayne,https://open.spotify.com/track/5FvZaQ8yKioeLsTXuw6uE2?si=5d3dc90dbdec474c
Call Me Maybe%:%Carly Rae Jepsen,https://open.spotify.com/track/3TGRqZ0a2l1LRblBkJoaDx?si=e7693d5d9f1f461f
Yolo%:%The Lonely Island Featuring Adam Levine,https://open.spotify.com/track/6XmT1eehtQjAtuZL3gMBNT?si=723293a243864971
I Dreamed A Dream%:%Anne Hathaway,https://open.spotify.com/track/7CNVenAoty0IomwFPaMaaH?si=b0a1740762944425
Oath%:%Cher Lloyd Featuring Becky G,https://open.spotify.com/track/6D0QtayzCNVKoIZ8IX2npw?si=5466535d7da24a5a
A Thousand Years (Part 2)%:%Christina Perri Featuring Steve Kazee,https://open.spotify.com/track/7hn8Q8WAxFdL4aZ159GI7C?si=93fa929fbeed4de0
Seven Nation Army%:%Melanie Martinez,https://open.spotify.com/track/4wTBwrYUzGmmDpl7ewM8in?si=f8fee7fc17374749
Payphone%:%Maroon 5 Featuring Wiz Khalifa,https://open.spotify.com/track/1LmN9SSHISbtp9LoaR5ZVJ?si=ff773c1c92e446bc
We Are Young%:%fun. Featuring Janelle Monae,https://open.spotify.com/track/7a86XRg84qjasly9f6bPSD?si=6bb39de966c34c97
Both Of Us%:%B.o.B Featuring Taylor Swift,https://open.spotify.com/track/3r9bgSJlJz2zlevcBRYXko?si=bf1076536f454c08
New Day%:%50 Cent Featuring Dr. Dre,https://open.spotify.com/track/2swCZgyEIdacDpUNcSQMQI?si=f1e39245cf2a4889
Dance Again%:%Jennifer Lopez Featuring Pitbull,https://open.spotify.com/track/4d2hD63oUGU3s7L66JD0BE?si=4a63147c28f647ae
Leave You Alone%:%Young Jeezy Featuring Ne-Yo,https://open.spotify.com/track/5GOqOUVv7vk0jWDdNToHtA?si=8880a6318dc64412
The Motto%:%Drake Featuring Lil Wayne,https://open.spotify.com/track/4Kz4RdRCceaA9VgTqBhBfa?si=c27027676b13436c
UP!%:%LoveRance Featuring IamSu,https://open.spotify.com/track/29jXFjSrwrc75S0TNJMdcG?si=5da280c401ce429e
Take Care%:%Drake Featuring Rihanna,https://open.spotify.com/track/124NFj84ppZ5pAxTuVQYCQ?si=fb2ddc21d6c1430e
We Found Love%:%Rihanna Featuring Calvin Harris,https://open.spotify.com/track/6qn9YLKt13AGvpq9jfO8py?si=0a16c8167712419e
Ai Se Eu Te Pego%:%Michel Telo,https://open.spotify.com/track/0INaMqjJJe1BZpnWuCxDzt?si=af5ec81513364197
I'm All Yours%:%Jay Sean Featuring Pitbull,https://open.spotify.com/track/4RP3afrf3AVFV1rTO0hFZh?si=1bd231b2419e4401
Feel Like A Rock Star%:%Kenny Chesney,https://open.spotify.com/track/6IwjYtPMOebrz61UEayrrS?si=c1e632dc58e64e90
99 Problems%:%Tony Lucca,https://open.spotify.com/track/3FPJJ38O4Vqp5d00grSwCd?si=81fbd5e90af64fe7
"It's A Man's, Man's, Man's World%:%Juliet Simms",https://open.spotify.com/track/2XsxUOXqkTzjGO9O4XxPyz?si=51f3f0da9f8b4c78
Way Too Cold%:%Kanye West Featuring DJ Khaled,https://open.spotify.com/track/4eOJxoVUcN0kFX3ymAoREV?si=9bbbbb0008b94b3e
Mirror%:%Lil Wayne Featuring Bruno Mars,https://open.spotify.com/track/5hUYsaOyMY32yjRXeuQwGj?si=77ef942e15b44e8f
Hungry Like The Wolf / Rio%:%Glee Cast,https://open.spotify.com/track/0BEiDA0JOycXaDI5ynEWgz?si=ee2eb54f47f942a7
Do It Like You%:%Diggy Featuring Jeremih,https://open.spotify.com/track/3hTfNt05rYtyMamwkxyHaZ?si=dbdb117dadc249cf
Mr. Wrong%:%Mary J. Blige Featuring Drake,https://open.spotify.com/track/4rdPNHlIYUbSfa4iuQ7ccz?si=8761969b1bf44cdb
Without You%:%David Guetta Featuring Usher,https://open.spotify.com/track/1tAutlhI9FwnKn7fVgmd5P?si=f1950a75c868447b
5 O'Clock%:%T-Pain Featuring Wiz Khalifa,https://open.spotify.com/track/42EMFjvFtOki8MA0JNZqVK?si=20cda147156e40ef
You The Boss%:%Rick Ross Featuring Nicki Minaj,https://open.spotify.com/track/24XPxbzGwOlPKf1pdf1ZtW?si=ae573233fd4b4392
Smooth Criminal%:%Glee Cast Featuring 2Cellos,https://open.spotify.com/track/4E7B45OimTovLiETRzSBly?si=cdf206cf78074190
Round Of Applause%:%Waka Flocka Flame Featuring Drake,https://open.spotify.com/track/5ORf8BZMbq4xN9kiumrPcQ?si=668a7ae3a64d4395
La Isla Bonita%:%Glee Cast Featuring Ricky Martin,https://open.spotify.com/track/0I43ju6kU6lWOyElMDJEj9?si=a06b430b0e2c4920
Snitches Ain't...%:%YG Featuring Tyga,https://open.spotify.com/track/4WlJWg84XpItmf5Jov9BEj?si=01454163b9b841df
Video Games%:%Lana Del Rey,https://open.spotify.com/track/24jvD83UgLmrdGjhWTFslY?si=203ad3b23930444c
Wild Boy%:%MGK Featuring Waka Flocka Flame,https://open.spotify.com/track/5jcMhhJ0gXhtruaFIBbL3t?si=614f9a3ce9854b8e
Set You Free%:%3OH!3,https://open.spotify.com/track/6aIlQ4EVeyKzGS4lS6GNLY?si=24dd365a15dc489d
Bang Bang Pow Pow%:%T-Pain Featuring Lil Wayne,https://open.spotify.com/track/72HKgOTKNpp3glpdLZc1yo?si=107f94d2ebb14d0f
I Like How It Feels%:%Enrique Iglesias Featuring Pitbull,https://open.spotify.com/track/1SCnDi2ETBxvDASnfr8ZBx?si=22814b1c074d4b7b
El Verdadero Amor Perdona%:%Mana Featuring Prince Royce,https://open.spotify.com/track/3Z3ZUu41QYobvrKr494Vjs?si=33e509d5017b4500
All I Want For Christmas Is You (SuperFestive!)%:%Justin Bieber Duet With Mariah Carey,https://open.spotify.com/track/1IUtgwxLYzDVd41EgbKUjX?si=936d5401121d439b
Sweat%:%Bow Wow Featuring Lil Wayne,https://open.spotify.com/track/5aJDXbAN2TSctGEDFdaKhc?si=3d75d9aae677414f
Dedication To My Ex (Miss That)%:%Lloyd Featuring Andre 3000,https://open.spotify.com/track/0jmdMkRc7bmnmF9TNRfxF5?si=7efe8b28b95a4f2e
Focused%:%Wale Featuring Kid Cudi,https://open.spotify.com/track/4w27lZ9zcceZp6rumzGCBx?si=72a12dcc72434fa3
Still Got It%:%Tyga Featuring Drake,https://open.spotify.com/track/51B1RzOwX8ybRMb66Rhsmu?si=281430a82665423f
Hangover%:%Taio Cruz Featuring Flo Rida,https://open.spotify.com/track/5pmL3RzOy3IvGFaSDi4hZL?si=79bc85689b134986
Far Away%:%Tyga Featuring Chris Richardson,https://open.spotify.com/track/6Kbu55LHFZHjF2nRXVWOrd?si=3de5d02c092947f1
Y.U. Mad%:%Birdman Featuring Nicki Minaj,https://open.spotify.com/track/2STxkZwoTQeZ5jxtgXsy9y?si=23eb5892dd6f4a04
Just Can't Get Enough%:%The Black Eyed Peas,https://open.spotify.com/track/3JA9Jsuxr4xgHXEawAdCp4?si=8a5d7aa936fb48e9
On The Floor%:%Jennifer Lopez Featuring Pitbull,https://open.spotify.com/track/20zQZVyUNPbq8kZACdgYrh?si=0b763776b73a4196
I'm Into You%:%Jennifer Lopez Featuring Lil Wayne,https://open.spotify.com/track/1l9OdG3g9o3TYcU7xI8yWE?si=e30e38e7542446f7
Till The World Ends%:%Britney Spears Featuring Nicki Minaj,https://open.spotify.com/track/36JDWxV9Htu0znOlbhLn5C?si=2b1ecf87d589459a
Best Love Song%:%T-Pain Featuring Chris Brown,https://open.spotify.com/track/4CHLYbx8NB1LUn5WqT0SzV?si=457811ed35e649a7
Dirty Dancer%:%Enrique Iglesias With Usher Featuring Lil Wayne,https://open.spotify.com/track/1XS0Gyb2YyUgoxa8O67emr?si=cbbd5e3a91ce4744
Outlaw%:%50 Cent,https://open.spotify.com/track/75Mf2hYXJI5pVV0qDYUBoj?si=6e05e233c76a4d2b
Racks%:%YC Featuring Future,https://open.spotify.com/track/2n8lekNlZSQzbyuQedd4Dx?si=7b59b64a6ade4be7
Ballin'%:%Young Jeezy Featuring Lil Wayne,https://open.spotify.com/track/79tbwF4mSrYD60Oo41JTXY?si=67f231c9a9864a22
Firework%:%Katy Perry,https://open.spotify.com/track/4lCv7b86sLynZbXhfScfm2?si=df02b4f98ded4828
Stitch By Stitch%:%Javier Colon,https://open.spotify.com/track/54QbmsN1P8JKzJlKfEVPLe?si=bdf293f04e3a42fc
Inventing Shadows%:%Dia Frampton,https://open.spotify.com/track/2oc1Oh7ONhVDBTvwQy8xBx?si=92da9d46dbbe4c5f
Heartless%:%Dia Frampton,https://open.spotify.com/track/5xbtFVrkqpVD8lzHOI9lR7?si=67fa2c1f1bbb4384
Losing My Religion%:%Dia Frampton,https://open.spotify.com/track/71FEq7FaZ6rg6mOtIOAreP?si=5756c54b39be4ca8
Down On Me%:%Jeremih Featuring 50 Cent,https://open.spotify.com/track/0x3TibRgnSqzkcwrqBd4iX?si=7f0325f4d08c4cf1
Price Tag%:%Xenia,https://open.spotify.com/track/41ZoRomjH8tkdqItTnDGkM?si=62fe934949c640f0
Monster%:%Paramore,https://open.spotify.com/track/04BSvYghzdxjSJNpee36er?si=70cae68069014cbe
Bow Chicka Wow Wow%:%Mike Posner Featuring Lil Wayne,https://open.spotify.com/track/7neVcKsbivjMDIkdfoao5m?si=5e38764e522d4372
Like My Mother Does%:%Lauren Alaina,https://open.spotify.com/track/7t8oQycrEftd8NuWdCcfQb?si=999700163e94402e
Tonight (I'm Lovin' You)%:%Enrique Iglesias Featuring Ludacris,https://open.spotify.com/track/3rDFqo8yv93PtTmdOYOPzX?si=e2f37ae329a246a9
6 Foot 7 Foot%:%Lil Wayne Featuring Cory Gunz,https://open.spotify.com/track/6BCs8vxnGgKL9eMCOrG2wm?si=d1a38c08ec6841ea
Dreams%:%Glee Cast Featuring Kristin Chenoweth,https://open.spotify.com/track/477bEeEXpTJF2QntzwkRpv?si=bc32118294a24fc6
Barbra Streisand%:%Duck Sauce,https://open.spotify.com/track/6HkmOvGpoYrJ1BdppBNp2t?si=a852326382904640
Stereo Love%:%Edward Maya,https://open.spotify.com/track/35Dofxo9smHVxmFQbhYIAT?si=d8dee9da7a064330
No BS%:%Chris Brown,https://open.spotify.com/track/6P3cUSAoT4EeMxVgWVdBra?si=10c0eb3699dd4bf0
The Time (Dirty Bit)%:%The Black Eyed Peas,https://open.spotify.com/track/7vWFaMq63AwkFDhS2OAg5u?si=1821efcf38d34b45
21st Century Girl%:%WILLOW,https://open.spotify.com/track/502lHcNUAf2DA2BWxeXbIA?si=6aae30de920f41a8
Hit The Lights%:%Jay Sean Featuring Lil Wayne,https://open.spotify.com/track/3usL7eu7kTW0MLOujOuUSs?si=77c3afb5b2e7470f
Bottoms Up%:%Trey Songz Featuring Nicki Minaj,https://open.spotify.com/track/0fd8J0loE4mAVNRQwZrSgw?si=aed2863997ad4882
Fire Flame%:%Birdman Featuring Lil Wayne,https://open.spotify.com/track/2U0tVw78WKa3Xd9NhBEwMF?si=d1e674c06dc14b4b
Lo Mejor De Mi Vida Eres Tu%:%Ricky Martin Featuring Natalia Jimenez,https://open.spotify.com/track/2uhaDVmfG7pT94VO5jl2r4?si=69f999f0d5174373
Club Can't Handle Me%:%Flo Rida Featuring David Guetta,https://open.spotify.com/track/6ebkx7Q5tTxrCxKq4GYj0Y?si=896a2dab44b04d08
Hold My Hand%:%Michael Jackson Duet With Akon,https://open.spotify.com/track/1652voE1ZeLyehNC2kbHMb?si=61b95cbd62eb411c
Runaway%:%Kanye West Featuring Pusha T,https://open.spotify.com/track/3DK6m7It6Pw857FcQftMds?si=da34cb252a734880
Pursuit Of Happiness (Nightmare)%:%Kid Cudi Featuring MGMT,https://open.spotify.com/track/5iSEsR6NKjlC9SrIJkyL3k?si=f146a4bbe90d4456
Fancy%:%Drake Featuring T.I.,https://open.spotify.com/track/3fpTMuD1u3gJlVI4FadVHs?si=55f19a0c8c2a4ec2
Show Me How You Burlesque%:%Christina Aguilera,https://open.spotify.com/track/3my8nYpb74vfIPyRPo0zVq?si=5d4d42e8f24e4dab
This Ain't No Love Song%:%Trace Adkins,https://open.spotify.com/track/7uXwZaeYBvdHQpHi0z3IwA?si=161d3e24dcf94b13
California Gurls%:%Katy Perry Featuring Snoop Dogg,https://open.spotify.com/track/6tS3XVuOyu10897O3ae7bi?si=58e420c27c2c4a24
Toot It And Boot It%:%YG,https://open.spotify.com/track/3AqcBOSlJF7xMgvLpQoa3c?si=5e8f23fc54644159
OMG%:%Usher Featuring will.i.am,https://open.spotify.com/track/1bM50INir8voAkVoKuvEUI?si=6f512c0a526745fb
Rap Song%:%T-Pain Featuring Rick Ross,https://open.spotify.com/track/34abJ9TCg7MTa3Je6PBJS1?si=52b0d993965f4555
Gonorrhea%:%Lil Wayne Featuring Drake,https://open.spotify.com/track/1G0c9xdaF9I0kMrScM9Dvc?si=2c4a403854b24cfe
La La La%:%Auburn Featuring Iyaz,https://open.spotify.com/track/6UFoazJFPGUv2ubUwaziGE?si=183b6e52acea4e9e
Introducing Me%:%Nick Jonas,https://open.spotify.com/track/5mGVGSGpyrR3FsFnYQTWyh?si=3412f76a77b6433f
Haven't Met You Yet%:%Michael Buble,https://open.spotify.com/track/4fIWvT19w9PR0VVBuPYpWA?si=94be3442d1bf400f
Telephone%:%Lady Gaga Featuring Beyonce,https://open.spotify.com/track/6nCDnzErqalOaIY3EJM8NK?si=d9636d5cdf2c4982
I Gotta Feeling%:%The Black Eyed Peas,https://open.spotify.com/track/4kLLWz7srcuLKA7Et40PQR?si=1224c45764124c67
9 AM In Dallas%:%Drake,https://open.spotify.com/track/4n7CwZ6jBTP4gFj4WlJxxW?si=2fc9cb5af63d419e
Bohemian Rhapsody%:%Glee Cast Featuring Jonathan Groff,https://open.spotify.com/track/0tjeY2rdrKjUjtO5IwKusl?si=79e4d4deb66e4274
Poker Face%:%Glee Cast,https://open.spotify.com/track/1rc7RzuBYQ9KZIntUyEAVb?si=d0c3571583334b44
Imma Be%:%The Black Eyed Peas,https://open.spotify.com/track/16sbugRbf9xEKlekuQ7Whm?si=1da3c32bbd744e71
Falling Slowly%:%Lee DeWyze,NA
Dream On%:%Glee Cast Featuring Neil Patrick Harris,https://open.spotify.com/track/6cNSOKvw5hYVrOCrLw8joJ?si=4d25476d39a14521
Who Dat%:%J. Cole,https://open.spotify.com/track/0NkhsTIoveKdBQAfGDCNBw?si=21fb60f984c8456e
I Dreamed A Dream%:%Glee Cast Featuring Idina Menzel,https://open.spotify.com/track/4QDo30WQZZJle0Up1mC8ez?si=ba65fbc3cb5d4db4
Neutron Star Collision (Love Is Forever)%:%Muse,https://open.spotify.com/track/4AIazttPmHpd7p7pwJw692?si=a2e24a1735634c47
Total Eclipse Of The Heart%:%Glee Cast Featuring Jonathan Groff,https://open.spotify.com/track/4KLp7sKY2YCzaSQelZZjZr?si=21b12c1d922a4bed
Drop The World%:%Lil Wayne Featuring Eminem,https://open.spotify.com/track/77q65VGEbRnJlnX50UfnZS?si=ea6fa61ee20e4d4e
Physical%:%Glee Cast Featuring Olivia Newton-John,https://open.spotify.com/track/3hJQ0Bzblzx7JY5rKPvap0?si=8f449af83430409f
One Less Bell To Answer / A House Is Not A Home%:%Glee Cast Featuring Kristin Chenoweth,https://open.spotify.com/track/3aiKybRCTBazAplseCewQc?si=3139a9ca47f9455b
Fire%:%Glee Cast Featuring Kristin Chenoweth,https://open.spotify.com/track/06SiZAfeYY3rDYRFc4Dlek?si=4cbd60d9f9334c30
A House Is Not A Home%:%Glee Cast,https://open.spotify.com/track/5cevLj53chcpTIZjezsj37?si=5b74782678e84353
Home%:%Glee Cast Featuring Kristin Chenoweth,https://open.spotify.com/track/1a7jQ2WGIpLJlHJD0hily2?si=60bdd447cbf944c8
Replay%:%Iyaz,https://open.spotify.com/track/4E5P1XyAFtrjpiIxkydly4?si=dc4fc810ddbd4dd0
Reverse Cowgirl%:%T-Pain,https://open.spotify.com/track/57C67IcoKSWaiijRkYulHW?si=10c243e2285d483c
Feel It%:%Three 6 Mafia Vs. Tiesto With Sean Kingston,https://open.spotify.com/track/4ZuzA7bJPki9xqArptIjIe?si=6fec1a61472a427b
Hallelujah%:%Justin Timberlake,https://open.spotify.com/track/1iEoz5ixK2RATTpYhjB0I8?si=7c880a0b7d2c4f7a
American Star%:%Lil Wayne Featuring Shanell AKA SNL,https://open.spotify.com/track/2ocHprvIFyFP8ciG52zVel?si=aede964bbdac42c1
Let It Be%:%Jennifer Hudson Featuring The Roots,https://open.spotify.com/track/4TGd81xlercYz2ORQ8e0FK?si=b66926e81693417a
Doesn't Mean Anything%:%Alicia Keys,https://open.spotify.com/track/0qP6SwdJVok2cUAKKMzg3A?si=f8952469f35f4993
Ain't No Rest For The Wicked%:%Cage The Elephant,https://open.spotify.com/track/7tCHpjktA50ihtkLz6bAnn?si=5d225692930c460e
Boom Boom Pow%:%The Black Eyed Peas,https://open.spotify.com/track/3oDFtOhcN08qeDPAK6MEQG?si=ffdec285f07b40b9
I'm In Miami Trick%:%LMFAO,https://open.spotify.com/track/5OnCaxcesxBUEZ7PqAs0aU?si=d0e0b006e8964c21
Maybe This Time%:%Glee Cast Featuring Kristin Chenoweth,https://open.spotify.com/track/6cUf9i28VLmBKCBTyiS4vT?si=93dc1c368ded4cfd
Poker Face%:%Lady Gaga,https://open.spotify.com/track/1QV6tiMFM6fSOKOGLMHYYg?si=515834762a7c4e2c
Shake My%:%Three 6 Mafia Featuring Kalenna,https://open.spotify.com/track/4qmUWu3rhuIR0Ox8hAjEIa?si=2d794ab5270d41ff
Digital Girl%:%Jamie Foxx Featuring Drake,https://open.spotify.com/track/6WtBAFmjWal2HWQP3roVkC?si=977d20f807b5428b
Remember Me%:%T.I. Featuring Mary J. Blige,https://open.spotify.com/track/46KRCExbUusDWLoyXUF434?si=0676959bbf8843d1
Just Dance%:%Lady Gaga Featuring Colby O'Donis,https://open.spotify.com/track/1dzQoRqT5ucxXVaAhTcT0J?si=011b22b447fe4d33
How Do You Sleep?%:%Jesse McCartney Featuring Ludacris,https://open.spotify.com/track/3jkdQNkDTxxXtjSO4l0o1H?si=b85a1069e62a4644
Here Comes Goodbye%:%Rascal Flatts,https://open.spotify.com/track/1MNyboeYYbYMqQUTY2E5ae?si=771b89cd2c8d46aa
Mad World%:%Adam Lambert,https://open.spotify.com/track/4n8Syhm2XQOvenU8SnVAhZ?si=ed31fe2af6474657
Apologize%:%Kris Allen,https://open.spotify.com/track/0mohIuBYjVJ57MjCvz5oiA?si=89cafd2249984831
Home Sweet Home%:%Carrie Underwood,https://open.spotify.com/track/1rkzASjTsDga7grN4g4aSx?si=2856ad92acf8495f
Falling Slowly%:%Kris Allen,NA
Turnin Me On%:%Keri Hilson Featuring Lil Wayne,https://open.spotify.com/track/3R6dN42VdwivkZTMz03Rci?si=a4ad495a42144d46
Stanky Legg%:%GS Boyz,https://open.spotify.com/track/1tk7a9RqM71N99yIxSdpPW?si=c3a7e7c38ae6477e
You Can Get It All%:%Bow Wow Featuring Johnta Austin,https://open.spotify.com/track/2r8JyfxLyQg3IhnxKro4j8?si=826c07348d3c4869
Prom Queen%:%Lil Wayne Featuring Shanell AKA SNL,https://open.spotify.com/track/2wcWI9jQcuR8h8YRPHZpd2?si=96030cc554ad450b
Down The Road%:%Kenny Chesney With Mac McAnally,https://open.spotify.com/track/534bvgqusXzhI13Olu56oX?si=0bae0da650554a11
Chopped 'N' Skrewed%:%T-Pain Featuring Ludacris,https://open.spotify.com/track/5JcJnEjQ3VMNbV1ef2fXHg?si=92fbe196cdba4e9d
Decode%:%Paramore,https://open.spotify.com/track/1ZLtE9tSJdaUiIJ9YoKHQe?si=faadeae4d31a4f6e
It's A New Day%:%will.i.am,https://open.spotify.com/track/0M2Flxhth35wy1QnT4k4c8?si=441a94c889a74a5f
Here%:%Rascal Flatts,https://open.spotify.com/track/15bzUwwD1AXJ3F5oxzl1sY?si=f448b14f36fe40ec
Everybody Wants To Go To Heaven%:%Kenny Chesney With The Wailers,https://open.spotify.com/track/3u0iJcNE8fHupAO2OOqGlC?si=3df10a7cde674a35
J**z In My Pants%:%The Lonely Island,https://open.spotify.com/track/0WnUB48NWIl4R96uGuF2XQ?si=3ce7217127cc468c
No Me Doy Por Vencido%:%Luis Fonsi,https://open.spotify.com/track/6ztMOMCtWcKZgMTiNfP9bC?si=aeb44bca003c4e4f
Got Money%:%Lil Wayne Featuring T-Pain,https://open.spotify.com/track/04QTusNVhoUHOx7L9jHRHZ?si=ac45a83a57704258
Bartender Song%:%Rehab,https://open.spotify.com/track/1gewemPOUilb21s7CfMS55?si=b47089bd265b425b
Cuddy Buddy%:%Mike Jones Featuring Trey Songz,https://open.spotify.com/track/2AtD3bKq0VGdmBGNeOxNoi?si=b73dfeb0e2224b26
A Milli%:%Lil Wayne,https://open.spotify.com/track/6ScJMrlpiLfZUGtWp4QIVt?si=45915f29cedc4dab
Lolli Lolli (Pop That Body)%:%Three 6 Mafia Featuring Project Pat,https://open.spotify.com/track/4xWMTkwknjh8FzxNrkwLl6?si=ccde5a6b459d489c
Lollipop%:%Lil Wayne Featuring Static Major,https://open.spotify.com/track/5jnxxpX2834SB6LJ0S73Uz?si=80e10cf4955e4dfa
Free Fallin'%:%John Mayer,https://open.spotify.com/track/4LloVtxNZpeh7q7xdi1DQc?si=ae452d1d669041ee
Marco Polo%:%Bow Wow Featuring Soulja Boy Tell'em,https://open.spotify.com/track/78nVGWgvH5NWlCk1zl5qpR?si=1f467dafef7a4d05
Mamma Mia%:%Meryl Streep,https://open.spotify.com/track/4nI8e3fy1hHvhCvJURv5JI?si=6dd3267c095f4305
Sneakernight%:%Vanessa Hudgens,https://open.spotify.com/track/36mpSLAdxOB57EWD2wCQrN?si=f79a724eb14e41a9
Homecoming%:%Kanye West Featuring Chris Martin,https://open.spotify.com/track/4iz9lGMjU1lXS51oPmUmTe?si=d947b0ea0fdc4891
There's Nothin%:%Sean Kingston Featuring Elan,https://open.spotify.com/track/5w86HjXc60QjhMUAFAeLTf?si=f269fa24f25f420e
Don't Stop The Music%:%Rihanna,https://open.spotify.com/track/0ByMNEPAPpOR5H69DVrTNy?si=ffdb46a5983149c6
You're Gonna Miss This%:%Trace Adkins,https://open.spotify.com/track/7Efs0OIW6zgQyH7ehKZYpN?si=6e136dcd3cf84163
She's A Hottie%:%Toby Keith,https://open.spotify.com/track/5SD2dutv5rJM4Q8hlnC2QK?si=da722dccbf524dfe
I Don't Want To Miss A Thing%:%David Cook,NA
The Music Of The Night%:%David Cook,NA
Eleanor Rigby%:%David Cook,https://open.spotify.com/track/7pnlk8p2suugX1t9Y4ANXH?si=cb1a77b7196a4075
Elevator%:%Flo Rida Featuring Timbaland,https://open.spotify.com/track/5zvilwxFERfqSqYr0AOPHX?si=64783ba6b69a4405
Suffocate%:%J. Holiday,https://open.spotify.com/track/6xlEwLvtwDXR3bfLPxnjv9?si=530264eb15b343cb
Shiftwork%:%Kenny Chesney Duet With George Strait,https://open.spotify.com/track/1JtYfT7sJF3jojvLo1Vl7c?si=646075a67e52400b
Praying For Time%:%Carrie Underwood,https://open.spotify.com/track/34BtE2Fv3gnmP5NPar4FRH?si=a9cb9c8248cc44b5
Flashing Lights%:%Kanye West Featuring Dwele,https://open.spotify.com/track/5TRPicyLGbAF2LGBFbHGvO?si=7944eeddfeb24df6
"Ready, Set, Don't Go%:%Billy Ray Cyrus With Miley Cyrus",https://open.spotify.com/track/4SSUj4OC7giqpMNCqSQSCf?si=0bd129cd67634220
Cyclone%:%Baby Bash Featuring T-Pain,https://open.spotify.com/track/58a3FttBNLveeYAC983XEs?si=41da3d600b5747f0
The Prayer (Live)%:%Celine Dion,https://open.spotify.com/track/2ug8lg1r1YRLj5lxygZEeQ?si=b8d71746ac4b424a
Wanna Be Startin' Somethin' 2008%:%Michael Jackson With Akon,https://open.spotify.com/track/15A3uqmUTxJ1KJGfAdiywb?si=66068ee4bc5c4d3b
Leave It All To Me (iCarly Theme Song)%:%Miranda Cosgrove Featuring Drake Bell,https://open.spotify.com/track/7CMIy0uwXyeBv2MvaEUJM1?si=fe43e726bf3a4209